Question,Label,hindi_question,manually_translated_hindi,english_transliterated,disease,treatment plan,drug
does bad breath have anything to do with ketones,Other,क्या खराब सांस का कीटोन्स से कोई लेना-देना है,क्या सांसों की बदबू का कीटोन्स से कोई लेना-देना है?,kya samsom ki badabu ka kitonsa se koi lena-dena hai?,,,
can h pylori cause itp?,Disease,एच पाइलोरी आईटीपी का कारण बन सकता है?,क्या एच पाइलोरी आईटीपी का कारण बन सकता है?,kya h pylori itp ka karana bana sakata hai?,"एच पाइलोरी, आईटीपी",,
what happens if all of the sac from a sebaceous cyst is not removed?,Disease,क्या होता है अगर एक वसामय पुटी से थैली के सभी हटा नहीं है?,क्या होता है यदि एक वसामय पुटी से सभी थैली को नहीं हटाया जाता है?,kya hota hai yadi eka vasamaya puti se sabhi thaili ko nahim hataya jata hai?,एक वसामय पुटी,,
what is antiemetic,Drug,Antiemetic क्या है,एंटीमैटिक क्या है?,antiemetic kya hai?,,,एंटीमैटिक
can tonsil stones harm your teeth?,Disease,क्या टॉन्सिल पत्थर आपके दांतों को नुकसान पहुंचा सकते हैं?,क्या टॉन्सिल स्टोन आपके दांतों को नुकसान पहुंचा सकते हैं?,kya tonsil stone apake damtom ko nukasana pahumcha sakate haim?,टॉन्सिल स्टोन,,
can you get lyme disease from bone graph,Treatment,आप हड्डी ग्राफ से लाइम रोग हो सकता है,क्या आपको बोन ग्राफ्ट से लाइम रोग हो सकता है,kya apako bone graft se lyme roga ho sakata hai,लाइम रोग,बोन ग्राफ्ट,
can cialis treat retrograde ejaculation,Treatment,कैन सियालिस प्रतिगामी स्खलन का इलाज कर सकते हैं,क्या सियालिस प्रतिगामी स्खलन का इलाज कर सकता है,kya cialis pratigami skhalana ka ilaja kara sakata hai,प्रतिगामी स्खलन,सियालिस,
can taking certain perscription or otc drugs/supplements cause a loss of penile sensation,Drug,कुछ perscription या otc दवाओं / पूरक लेने से पेनाइल सनसनी का नुकसान हो सकता है,क्या कुछ ओटीसी दवाएं/सप्लीमेंट्स लेने से पेनाइल सनसनी का नुकसान हो सकता है,kya kucha  otc davaem/saplimemtsa lene se penile sanasani ka nukasana ho sakata hai,,,ओटीसी दवाएं/सप्लीमेंट्स
can allergy shots cause hemorrhoids?,Disease,एलर्जी शॉट्स बवासीर का कारण बन सकते हैं?,क्या एलर्जी शॉट्स बवासीर का कारण बन सकते हैं?,kya allergy shots bavasira ka karana bana sakate haim?,बवासीर,,एलर्जी शॉट्स
do babies in the womb get hiccups?,Other,क्या गर्भ में पल रहे बच्चों को हिचकी आती है?,क्या गर्भ में पल रहे बच्चों को हिचकी आती है?,kya garbha mem pala rahe bachchom ko hichaki ati hai?,,,
can scabies raise red blood cell count or lower oxygen in blood,Other,क्या खुजली लाल रक्त कोशिका की गिनती बढ़ा सकती है या रक्त में ऑक्सीजन कम कर सकती है,क्या खुजली लाल रक्त कोशिका की संख्या बढ़ा सकती है या रक्त में ऑक्सीजन कम कर सकती है,kya khujali lala rakta koshika ki samkhya badhaa sakati hai ya rakta mem oksijana kama kara sakati hai,,,
can stomach acid or gas come out of the belly button,Other,पेट के बटन से बाहर आ सकता है पेट का एसिड या गैस,क्या नाभि से पेट का एसिड या गैस निकल सकता है,kya nabhi se peta ka acid ya gas nikala sakata hai,,,
what is metchicillin resistant staphylococcal aureus,Disease,Metchicillin प्रतिरोधी staphylococcal aureus क्या है,मेथिसिलिन प्रतिरोधी स्टेफिलोकोकस ऑरियस क्या है?,metchicillin resistant staphylococcal aureus kya hai?,मेथिसिलिन प्रतिरोधी स्टेफिलोकोकस ऑरियस,,
can using tampons spread herpes inside uterus,Other,गर्भाशय के अंदर फैले दाद टैम्पोन का उपयोग कर सकते हैं,क्या टैम्पोन के इस्तेमाल से गर्भाशय के अंदर दाद फैल सकता है?,kya tampon ke istemala se garbhashaya ke amdara dada phaila sakata hai?,,,
what problems could occur from blood pressure cup to tight?,Other,ब्लड प्रेशर कप से लेकर टाइट तक क्या समस्याएं हो सकती हैं?,ब्लड प्रेशर कप टाइट होने तक क्या समस्या हो सकती है?,blood pressure cup tight hone taka kya samasya ho sakati hai?,,,
frequent medication for urinary tract infections leads to cancer?,Disease,मूत्र पथ के संक्रमण के लिए लगातार दवा कैंसर की ओर जाता है?,यूरिनरी ट्रैक्ट इन्फेक्शन के लिए बार-बार दवा लेने से कैंसर होता है?, urinary tract infections ke lie bara-bara dava lene se cancer hota hai?,"यूरिनरी ट्रैक्ट इन्फेक्शन, कैंसर ",,
will a x-ray show fluid on the knee,Other,क्या एक एक्स-रे घुटने पर तरल पदार्थ दिखाएगा,क्या एक्स-रे घुटने पर तरल पदार्थ दिखाएगा,kya x-ray ghutane para tarala padartha dikhaega,,,
fluttering sensation in ears,Other,कानों में फड़कने वाली अनुभूति,कान में फड़फड़ाहट सनसनी,kana mem phadonphadaahata sanasani,,,
how do i know that my jock itch is healing besides the reduced itchiness?,Disease,मुझे कैसे पता है कि मेरे जॉक खुजली कम खुजली के अलावा चिकित्सा कर रहा है?,कम खुजली के अलावा मुझे कैसे पता चलेगा कि मेरी जॉक खुजली ठीक हो रही है?,kama khujali ke alava mujhe kaise pata chalega ki meri jock khujali thika ho rahi hai?,जॉक खुजली,,
can dry eye be mistaken for glucoma,Disease,सूखी आंख glucoma के लिए गलत किया जा सकता है,क्या सूखी आंख को ग्लूकोमा समझ सकती है?,kya sukhi amkha ko glukoma samajha sakati hai?,ग्लूकोमा,,
is rosiola a type of molluscum?,Disease,Rosiola मोलस्कम का एक प्रकार है?,क्या रसियोला एक प्रकार का मोलस्कम है?,kya rasiola eka prakara ka molluscum hai?,रसियोला,,
is bilirubin cancer. please i want to be informed if bilirubin is cancer,Disease,बिलीरुबिन कैंसर है। कृपया मैं सूचित किया जाना चाहता हूँ अगर बिलीरुबिन कैंसर है,क्या बिलीरुबिन कैंसर है। कृपया मुझे सूचित किया जाना चाहिए कि क्या बिलीरुबिन कैंसर है,kya bilirubin cancer hai kripaya mujhe suchita kiya jana chahie ki kya bilirubin cancer hai,"बिलीरुबिन, कैंसर",,
does symptoms of kidney stones mimic gential herpes in a man?,Disease,क्या गुर्दे की पथरी के लक्षण एक आदमी में gential दाद की नकल करते हैं?,क्या गुर्दे की पथरी के लक्षण एक आदमी में जननांग दाद की नकल करते हैं?,kya gurde ki pathari ke lakshana eka adami mem jananamga dada ki nakala karate haim?,"गुर्दे की पथरी, जननांग दाद",,
tomato-based products cause vagina odor?,Other,टमाटर आधारित उत्पादों योनि गंध का कारण बनता है?,क्या टमाटर उत्पादों से योनि से दुर्गंध आती है?,kya tamatara utpadom se yoni se durgamdha ati hai?,,,
does the caffeine in coffee cause facial wrinkles?,Other,क्या कॉफी में कैफीन चेहरे की झुर्रियों का कारण बनता है?,क्या कॉफी में मौजूद कैफीन से चेहरे पर झुर्रियां पड़ जाती हैं?,kya coffee mem maujuda caffeine se chehare para jhurriyam padon jati haim?,,,
is rosacea contagious?,Disease,क्या रोसैसिया संक्रामक है?,रोसैसिया संक्रामक है?,rosacea samkramaka hai?,रोसैसिया,,
can cpap machine cause pleurisy,Treatment,क्या सीपीएपी मशीन फुफ्फुसता का कारण बन सकती है,क्या सीपीएपी मशीन फुफ्फुस का कारण बन सकती है,kya cpap machine phuphphusa ka karana bana sakati hai,फुफ्फुस,सीपीएपी मशीन,
can a torn ligament contribute to gout,Disease,एक फटा हुआ स्नायुबंधन गाउट में योगदान कर सकते हैं,क्या फटा हुआ लिगामेंट गाउट में योगदान कर सकता है,kya phata hua ligament gauta mem yogadana kara sakata hai,"फटा हुआ लिगामेंट, गाउट",,
why can i see my bladder or uterus coming out of my vagina,Other,मैं अपने मूत्राशय या गर्भाशय को अपनी योनि से बाहर क्यों देख सकता हूं,मैं अपने मूत्राशय या गर्भाशय को अपनी योनि से बाहर निकलते हुए क्यों देख सकता हूँ?,maim apane mutrashaya ya garbhashaya ko apani yoni se bahara nikalate hue kyom dekha sakata hun?,,,
is it safe to cook with cast iron pans,Other,क्या कच्चा लोहा पैन के साथ खाना पकाना सुरक्षित है?,क्या कच्चे लोहे के पैन से खाना बनाना सुरक्षित है,kya kachche lohe ke paina se khana banana surakshita hai,,,
can the use of probiotics cause oral thrush?,Drug,प्रोबायोटिक्स का उपयोग मौखिक थ्रश का कारण बन सकता है?,क्या प्रोबायोटिक्स के उपयोग से मुंह में छाले हो सकते हैं?,kya probiotics ke upayoga se mumha mem chale ho sakate haim?,,,प्रोबायोटिक्स
can a girl get cramps before she even begins having periods?,Other,क्या एक लड़की को ऐंठन हो सकती है इससे पहले कि वह पीरियड्स भी शुरू कर दे?,क्या किसी लड़की को पीरियड्स शुरू होने से पहले ही ऐंठन हो सकती है?,kya kisi ladki ko periods shuru hone se pahale hi aimthana ho sakati hai?,,,
does swallowing phlegm prolong bronchitis?,Disease,क्या कफ निगलना ब्रोंकाइटिस को लम्बा खींचता है?,क्या कफ निगलने से ब्रोंकाइटिस लंबा हो जाता है?,kya kapha nigalane se bronchitis lamba ho jata hai?,ब्रोंकाइटिस,,
birth control shot,Other,जन्म नियंत्रण शॉट,जन्म नियंत्रण शॉट,janma niyamtrana shota,,,
what is trench foot,Disease,ट्रेंच फुट क्या है,ट्रेंच फुट क्या है,trench foot kya hai,ट्रेंच फुट,,
is it normal for a 25yr old to suck his thumb?,Other,क्या यह एक 25yr पुराने के लिए अपने अंगूठे को चूसने के लिए सामान्य है?,क्या 25 साल के व्यक्ति का अंगूठा चूसना सामान्य है?,kya 25 sala ke vyakti ka amgutha chusana samanya hai?,,,
can i drink beer with a major tongue laceration i bit through it.,Other,मैं एक प्रमुख जीभ laceration मैं इसके माध्यम से बिट के साथ बियर पी सकते हैं.,क्या मैं बीयर पी सकता हूं यदि जीभ का बड़ा घाव हो गया है।,kya maim beer pi sakata hum yadi jibha ka badaa ghava ho gaya hai,,,
can a pap smear indicate uterine fibroids,Disease,क्या एक पैप स्मीयर गर्भाशय फाइब्रॉएड का संकेत दे सकता है,क्या पैप स्मीयर गर्भाशय फाइब्रॉएड का संकेत दे सकता है,kya pap smear garbhashaya fibroids ka samketa de sakata hai,गर्भाशय फाइब्रॉएड,,
6yr old has constant snuffle like runny nose but nasal passage is dry,Other,"6yr पुराने बहती नाक की तरह लगातार नास है, लेकिन नाक मार्ग शुष्क है",6 साल के बच्चे की नाक बहने जैसी लगातार सूंघती रहती है लेकिन नाक का रास्ता सूखा रहता है,6 sala ke bachche ki naka bahane jaisi lagatara sumghati rahati hai lekina naka ka rasta sukha rahata hai,,,
can your throat hurt from an std,Disease,क्या आपके गले को एक std से चोट लग सकती है,क्या एसटीडी से क्या आपका गला खराब हो सकता है,kya std se kya apaka gala kharaba ho sakata hai,एसटीडी,,
is chicken box related to herpes?,Disease,चिकन बॉक्स दाद से संबंधित है?,क्या चिकनपॉक्स दाद से संबंधित है?,kya chickenpox dada se sambamdhita hai?,"चिकनपॉक्स, दाद ",,
is microwave popcorn safe to eat while takiing cipro,Drug,"माइक्रोवेव पॉपकॉर्न खाने के लिए सुरक्षित है, जबकि cipro takiing",क्या सिप्रो लेते समय माइक्रोवेव पॉपकॉर्न खाना सुरक्षित है,kya cipro lete samaya microwave popcorn khana surakshita hai,,,सिप्रो
can ear plugs cause ear infections?,Other,कान प्लग कान के संक्रमण का कारण बन सकते हैं?,क्या ईयर प्लग से कान में संक्रमण हो सकता है?,kya ear plugs se kana mem samkramana ho sakata hai?,,,
can zantac cause a false positive drug test,Drug,zantac एक झूठी सकारात्मक दवा परीक्षण का कारण बन सकता है,क्या ज़ैंटैक एक झूठी सकारात्मक दवा परीक्षण का कारण बन सकता है,kya zantac eka jhuthi sakaratmaka dava parikshana ka karana bana sakata hai,,,ज़ैंटैक
can having trichomoniasis cause boils?,Disease,ट्राइकोमोनिएसिस होने से फोड़े हो सकते हैं?,क्या ट्राइकोमोनिएसिस होने से फोड़े हो सकते हैं?,kya trichomoniasis hone se phodae ho sakate haim?,ट्राइकोमोनिएसिस,,
does lung cancer mestasis to the brain?,Disease,फेफड़ों का कैंसर मस्तिष्क के लिए mestasis करता है?,फेफड़ों का कैंसर मस्तिष्क को मेटास्टेसिस करता है?,phephadaom ka cancer mastishka ko metasis karata hai?,मेटास्टेसिस,,
is bell's palsy contagious?,Disease,घंटी की पक्षाघात संक्रामक है?,बेल्स पाल्सी संक्रामक है?,bell's palsy samkramaka hai?,बेल्स पाल्सी,,
could stress cause polycythemia vera?,Disease,क्या तनाव पॉलीसिथेमिया वेरा का कारण बन सकता है?,क्या तनाव पॉलीसिथेमिया वेरा का कारण बन सकता है?,kya tanava polycythemia vera ka karana bana sakata hai?,पॉलीसिथेमिया वेरा,,
can taking antibiotics for a long period of time cause an elevated a1c result?,Drug,समय की एक लंबी अवधि के लिए एंटीबायोटिक्स लेने के लिए एक ऊंचा a1c परिणाम का कारण बन सकता है?,क्या लंबे समय तक एंटीबायोटिक्स लेने से ए1सी का परिणाम बढ़ सकता है?,kya lambe samaya taka antibiotics lene se a1c ka parinama badhon sakata hai?,,,एंटीबायोटिक्स
is yoga good for fibromyalgia and degenerative disc disease,Disease,Fibromyalgia और अपक्षयी डिस्क रोग के लिए योग अच्छा है,क्या योग फाइब्रोमायल्गिया और अपक्षयी डिस्क रोग के लिए अच्छा है,kya yoga firbomyalgia aura apakshayi diska roga ke lie achcha hai,"फाइब्रोमायल्गिया, अपक्षयी डिस्क रोग",,
does sauerkraut cause gas?,Other,क्या sauerkraut गैस का कारण बनता है?,क्या सौकरकूट गैस का कारण बनता है?,kya sauerkraut gas ka karana banata hai?,,,
for hand and mouth disease can the sores be on tongue?,Other,हाथ और मुंह की बीमारी के लिए घावों जीभ पर हो सकता है?,हाथ और मुंह के रोग के लिए क्या जीभ पर घाव हो सकते हैं?,hatha aura mumha ke roga ke lie kya jibha para ghava ho sakate haim?,,,
can to much fiber cause constipation?,Disease,बहुत फाइबर के लिए कब्ज का कारण बन सकता है?,क्या ज्यादा फाइबर से कब्ज हो सकता है?,kya jyada fiber se kabja ho sakata hai?,कब्ज,,
are bananas bad for the heart?,Other,क्या केले दिल के लिए बुरे हैं?,क्या केले दिल के लिए खराब हैं?,kya kele dila ke lie kharaba haim?,,,
is it possible to have a yeast infection inside your breast?,Disease,क्या आपके स्तन के अंदर खमीर संक्रमण होना संभव है?,क्या आपके स्तन के अंदर खमीर संक्रमण होना संभव है?,kya apake stana ke amdara khamira samkramana hona sambhava hai?,खमीर संक्रमण,,
can you fly sith mono,Other,आप sith मोनो उड़ सकते हैं,क्या तुम मोनो के साथ उड़ सकते हो,kya tuma mono ke satha udon sakate ho,,,
can i swim in a pool with hemorrhoids?,Disease,मैं बवासीर के साथ एक पूल में तैर सकते हैं?,क्या मैं बवासीर में पूल में तैर सकता हूँ?,kya maim bavasira mem pool mem taira sakata hun?,बवासीर,,
is it safe to breastfeed after being stung by a bee on the neck?,Other,क्या गर्दन पर मधुमक्खी द्वारा डंक मारने के बाद स्तनपान कराना सुरक्षित है?,क्या मधुमक्खी द्वारा गर्दन पर काटे जाने के बाद स्तनपान कराना सुरक्षित है?,kya madhumakkhi dvara gardana para kate jane ke bada stanapana karana surakshita hai?,,,
does it hurt when ear tubes fall out,Other,क्या यह दर्द होता है जब कान की ट्यूब बाहर गिर जाती है,क्या कान की नलियों के गिरने पर दर्द होता है,kya kana ki naliyom ke girane para darda hota hai,,,
can an inner ear problem cause severe car sickness?,Other,क्या एक आंतरिक कान की समस्या गंभीर कार बीमारी का कारण बन सकती है?,क्या आंतरिक कान की समस्या कार में बेचैनी का कारण बन सकती है?,kya amtarika kana ki samasya kara mem bechaini ka karana bana sakati hai?,,,
are vaginal yeast infections contagious?,Disease,योनि खमीर संक्रमण संक्रामक हैं?,योनि खमीर संक्रमण संक्रामक हैं?,yoni khamira samkramana samkramaka haim?,खमीर संक्रमण,,
is erythema multiforme an autoimmune disorder?,Disease,एरिथेमा multiforme एक autoimmune विकार है?,क्या एरिथेमा मल्टीफॉर्म एक ऑटोइम्यून डिसऑर्डर है?,kya erythema multiforme eka autoimmune disorder hai?,एरिथेमा मल्टीफॉर्म,,
can vitamin d cause yeast infections?,Disease,क्या विटामिन डी खमीर संक्रमण का कारण बन सकता है?,क्या विटामिन डी खमीर संक्रमण का कारण बन सकता है?,kya vitamin d khamira samkramana ka karana bana sakata hai?,खमीर संक्रमण,,
can hand foot & mouth disease cause diarrhea?,Other,क्या हाथ पैर और मुंह की बीमारी दस्त का कारण बन सकती है?,क्या हाथ पैर और मुंह की बीमारी दस्त का कारण बन सकती है?,kya hatha paira aura mumha ki bimari dasta ka karana bana sakati hai?,,,
why is my prostste fluid brown,Other,क्यों मेरे prostste तरल भूरे रंग का है,मेरा प्रोस्टेट द्रव भूरा क्यों है,mera prostate drava bhura kyom hai,,,
can a nursing mother drink a beer?,Other,क्या एक नर्सिंग माँ एक बीयर पी सकती है?,क्या एक नर्सिंग मां बीयर पी सकती है?,kya eka nursing ma beer pi sakati hai?,,,
can i drink milk or orange juice with sinusitis?,Disease,क्या मैं साइनसाइटिस के साथ दूध या संतरे का रस पी सकता हूं?,क्या मैं साइनसाइटिस के साथ दूध या संतरे का रस पी सकता हूँ?,kya maim sinusitis ke satha dudha ya samtare ka rasa pi sakata hun?,साइनसाइटिस,,
do ceiling fans cause bell's palsy?,Disease,छत प्रशंसकों घंटी पक्षाघात का कारण बनता है?,क्या छत के पंखे बेल्स पाल्सी का कारण बनते हैं?,kya chata ke pamkhe bells palsy ka karana banate haim?,बेल्स पाल्सी,,
can you get pink eye from using someone else's computer keyboard or phone?,Disease,आप किसी और के कंप्यूटर कीबोर्ड या फोन का उपयोग करने से गुलाबी आंख मिल सकता है?,क्या आप किसी और के कंप्यूटर कीबोर्ड या फोन का उपयोग करने से गुलाबी आंख प्राप्त कर सकते हैं?,kya apa kisi aura ke computer ke keyboard ya phona ka upayoga karane se gulabi amkha prapta kara sakate haim?,गुलाबी आंख,,
does weight loss help decrease heal spur pain?,Other,क्या वजन घटाने से दर्द को कम करने में मदद मिलती है?,क्या वजन घटाने से एड़ी के दर्द को कम करने में मदद मिलती है?,kya vajana ghatane se edai ke darda ko kama karane mem madada milati hai?,,,
can eczema be a direct result from contact dermatitis caused by machine coolants,Disease,एक्जिमा मशीन coolants के कारण संपर्क जिल्द की सूजन से एक प्रत्यक्ष परिणाम हो सकता है,क्या एक्जिमा मशीन कूलेंट के कारण होने वाले कॉन्टैक्ट डर्मेटाइटिस का सीधा परिणाम हो सकता है?,kya eczema machine coolant ke karana hone vale contact dermatitis ka sidha parinama ho sakata hai?,कॉन्टैक्ट डर्मेटाइटिस,,
can sharing a hair brush or comb transfer eczema from one person to another?,Disease,एक बाल ब्रश या कंघी हस्तांतरण एक्जिमा एक व्यक्ति से दूसरे व्यक्ति को साझा कर सकते हैं?,क्या हेयर ब्रश या कंघी शेयर करने से एक्जिमा एक व्यक्ति से दूसरे व्यक्ति में स्थानांतरित हो सकता है?,kya hairbrush ya kamghi sheyara karane se ekjima eka vyakti se dusare vyakti mem sthanamtarita ho sakata hai?,एक्जिमा,,
is spinal meningitis contagious,Disease,रीढ़ की हड्डी के मेनिन्जाइटिस संक्रामक है,स्पाइनल मैनिंजाइटिस संक्रामक है?,spinal meningitis samkramaka hai?,स्पाइनल मैनिंजाइटिस,,
can chiropractic manipulation of the neck cause vertigo?,Other,क्या गर्दन के कायरोप्रैक्टिक हेरफेर से वर्टिगो हो सकता है?,क्या गर्दन के कायरोप्रैक्टिक हेरफेर से चक्कर आ सकते हैं?,kya gardana ke kayaropraiktika heraphera se chakkara a sakate haim?,,,
i had my uterus removed can i still get cervical cancer,Disease,मैं अपने गर्भाशय को हटा दिया था मैं अभी भी गर्भाशय ग्रीवा के कैंसर हो सकता है,मैंने अपना गर्भाशय निकाल दिया था क्या मुझे अब भी सर्वाइकल कैंसर हो सकता है?,maimne apana garbhashaya nikala diya tha kya mujhe aba bhi cervical cancer ho sakata hai?,सर्वाइकल कैंसर,,
is tric transmitted thu oral sex,Disease,ट्रिक संचरित thu ओरल सेक्स है,मौखिक सेक्स के माध्यम से ट्रिच प्रेषित होता है?,maukhika sex ke madhyama se trich preshita hota hai?,ट्रिच,,
can wine trigger eye floaters,Disease,कर सकते हैं शराब ट्रिगर आंख फ्लोटर्स,क्या शराब आंखों के फ्लोटर्स को ट्रिगर कर सकती है,kya sharaba amkhom ke floaters ko trigger kara sakati hai,आंखों के फ्लोटर्स,,
can too much buttermilk cause thrush?,Disease,बहुत अधिक छाछ थ्रश का कारण बन सकता है?,क्या बहुत अधिक छाछ थ्रश का कारण बन सकती है?,kya bahuta adhika chacha thrasha ka karana bana sakati hai?,थ्रश,,
can insulin cause uti?,Disease,इंसुलिन यूटीआई का कारण बन सकता है?,क्या इंसुलिन यूटीआई का कारण बन सकता है?,kya insulin uti ka karana bana sakata hai?,यूटीआई,,इंसुलिन
is cirrhosis a form of liver cancer,Disease,सिरोसिस यकृत कैंसर का एक रूप है,क्या सिरोसिस लीवर कैंसर का एक रूप है?,kya sirosis liver cancer ka eka rupa hai?,"सिरोसिस, लीवर कैंसर",,
how do you get lingual tonsils?,Disease,आप भाषाई टॉन्सिल कैसे प्राप्त करते हैं?,भाषिक टॉन्सिल कैसे होता हैं?,bhashika tonsil kaise hota haim?,भाषिक टॉन्सिल,,
can multiple sclerosis be transmitted through sex,Disease,मल्टीपल स्केलेरोसिस सेक्स के माध्यम से प्रेषित किया जा सकता है,क्या मल्टीपल स्केलेरोसिस को सेक्स के माध्यम से प्रेषित किया जा सकता है?,kya multiple skelerosis ko seksa ke madhyama se preshita kiya ja sakata hai?,मल्टीपल स्केलेरोसिस,,
could my saliva cause my wife to get a yeast infection in her vagina?,Disease,क्या मेरी लार मेरी पत्नी को अपनी योनि में खमीर संक्रमण प्राप्त करने का कारण बन सकती है?,क्या मेरी लार से मेरी पत्नी की योनि में यीस्ट इन्फेक्शन हो सकता है?,kya meri lara se meri patni ki yoni mem yista infection ho sakata hai?,यीस्ट इन्फेक्शन,,
can vulvar cancer lead to breast cancer?,Disease,क्या वल्वर कैंसर स्तन कैंसर का कारण बन सकता है?,क्या वुल्वर कैंसर से स्तन कैंसर हो सकता है?,kya vulvar cancer se stana cancer ho sakata hai?,"वुल्वर कैंसर, स्तन कैंसर ",,
is steph infacon contages,Disease,steph infacon contages है,क्या स्टैफ संक्रमण संक्रामक है?,kya steph samkramana samkramaka hai?,स्टैफ संक्रमण,,
can carbonated beverages hinder weight loss?,Other,कार्बोनेटेड पेय वजन घटाने में बाधा डाल सकते हैं?,क्या कार्बोनेटेड पेय वजन घटाने में बाधा डाल सकते हैं?,kya carbonated peya vajana ghatane mem badha dala sakate haim?,,,
is sebhorric dermatitis contagious?,Disease,क्या सेबोरिक डर्मेटाइटिस संक्रामक है?,सेबोरहाइक जिल्द की सूजन संक्रामक हैं?,sebhorric jilda ki sujana samkramaka haim?,सेबोरहाइक जिल्द,,
is folliculitis a form of herpes type 1,Disease,folliculitis दाद प्रकार 1 का एक रूप है,क्या फॉलिक्युलिटिस हरपीज प्रकार का एक रूप है?,kya foliculitis herpes prakara ka eka rupa hai?,"फॉलिक्युलिटिस, हरपीज",,
can the blood be to thick to start a period?,Other,क्या रक्त एक अवधि शुरू करने के लिए मोटा हो सकता है?,क्या मासिक धर्म शुरू करने के लिए खून गाढ़ा हो सकता है?,kya masika dharma shuru karane ke lie khuna gadhaa ho sakata hai?,,,
what level of the spine does the sciatic nerve originate?,Other,रीढ़ की हड्डी के किस स्तर से कटिस्नायुशूल तंत्रिका की उत्पत्ति होती है?,कटिस्नायुशूल तंत्रिका रीढ़ के किस स्तर पर उत्पन्न होती है?,katisnayushula tamtrika ridhon ke kisa stara para utpanna hoti hai?,,,
is melanoma a precurser to pancreatic cancer,Disease,मेलेनोमा अग्नाशय के कैंसर के लिए एक precurser है,मेलेनोमा अग्नाशय के कैंसर का अग्रदूत है,melenoma agnashaya ke cancer ka agraduta hai,"मेलेनोमा, अग्नाशय के कैंसर",,
can acetaminophen cause rectal bleedin. can acetaminophen cause rectal bleedin,Other,एसिटामिनोफेन रेक्टल ब्लीडिन का कारण बन सकता है। एसिटामिनोफेन मलाशय रक्तस्राव का कारण बन सकता है,एसिटामिनोफेन मलाशय से रक्तस्राव का कारण बन सकता है। क्या एसिटामिनोफेन मलाशय से रक्तस्राव का कारण बन सकता है,acetaminophen malashaya se raktasrava ka karana bana sakata hai kya acetaminophenmalashaya se raktasrava ka karana bana sakata hai,,,
are cold sores a symptom of thyroid disease?,Disease,क्या ठंड घावथायराइड रोग का एक लक्षण हैं?,क्या कोल्ड सोर थायराइड रोग का लक्षण है?,kya cold sore thyroid roga ka lakshana hai?,थायराइड रोग,,
symptoms of narrowing of disc in c4 & c5 area,Other,C4 और c5 क्षेत्र में डिस्क के संकुचन के लक्षण,c4 और c5 क्षेत्र में डिस्क के सिकुड़ने के लक्षण,c4 aura c5 kshetra mem disk ke sikudonne ke lakshana,,,
can you get rotavirus if you have had the immunization,Disease,क्या आप रोटावायरस प्राप्त कर सकते हैं यदि आपके पास टीकाकरण है,क्या आप रोटावायरस प्राप्त कर सकते हैं यदि आपने टीकाकरण किया है,kya apa rotavirus prapta kara sakate haim yadi apane tikakarana kiya hai,रोटावायरस,,
can c6 herniation cause incontinence,Disease,c6 हर्नियेशन असंयम का कारण बन सकता है,क्या c6 हर्नियेशन असंयम का कारण बन सकता है,kya c6 herniation asamyama ka karana bana sakata hai,c6 हर्नियेशन,,
can yeast infection cause back pain in lower right?,Disease,खमीर संक्रमण निचले दाईं ओर पीठ दर्द का कारण बन सकता है?,क्या यीस्ट इन्फेक्शन के कारण कमर के निचले हिस्से में दर्द हो सकता है?,kya yista infection ke karana kamara ke nichale hisse mem darda ho sakata hai?,यीस्ट इन्फेक्शन,,
i am 19 and i haven't seen a regular period should i be worried?,Other,मैं 19 हूँ और मैं एक नियमित अवधि मैं चिंतित होना चाहिए नहीं देखा है?,"मेरी उम्र १९ साल है और मैंने नियमित मासिक धर्म नहीं देखा है, क्या मुझे चिंतित होना चाहिए?","meri umra 19 sala hai aura maimne niyamita masika dharma nahim dekha hai, kya mujhe chimtita hona chahie?",,,
does having white blood cells in a stool sample mean cancer?,Other,क्या मल के नमूने में सफेद रक्त कोशिकाएं होने का मतलब कैंसर है?,क्या मल के नमूने में सफेद रक्त कोशिकाएं होने का मतलब कैंसर है?,kya mala ke namune mem sapheda rakta koshikaem hone ka matalaba cancer hai?,,,
what is staphylococcal infections,Disease,Staphylococcal संक्रमण क्या है,स्टेफिलोकोकल संक्रमण क्या है,staphylococcal samkramana kya hai,स्टेफिलोकोकल संक्रमण,,
astrologicalremedies is it possible to solve the problems? . astrology,Other,ज्योतिषीय स्मृतियों क्या समस्याओं का समाधान संभव है? | ज्योतिषशास्त्र,क्या ज्योतिषीय उपाय से समस्याओं का समाधान संभव है?,kya jyotishiya upaya se samasyaom ka samadhana sambhava hai?,,,
brownish vaginal discharge every two weeks in my 12 year old. is this normal?,Other,मेरे 12 साल के बच्चे में हर दो सप्ताह में भूरे रंग की योनि स्राव। क्या यह सामान्य है?,मेरी १२ साल की उम्र में हर दो हफ्ते में भूरा योनि स्राव। क्या यह सामान्य है?,meri 12 sala ki umra mem hara do haphte mem bhura yoni srava kya yaha samanya hai?,,,
when treated do thrush symptoms get worse before they get better?,Other,जब इलाज किया जाता है तो क्या थ्रश के लक्षण बेहतर होने से पहले खराब हो जाते हैं?,जब इलाज किया जाता है तो क्या थ्रश के लक्षण बेहतर होने से पहले खराब हो जाते हैं?,jaba ilaja kiya jata hai to kya thrasha ke lakshana behatara hone se pahale kharaba ho jate haim?,,,
what kind of doctor does one see for hemorroids?,Disease,Hemorroids के लिए किस तरह के डॉक्टर को देखते हैं?,बवासीर के लिए किस तरह का डॉक्टर देखता है?,bavasira ke lie kisa taraha ka doctor dekhata hai?,बवासीर,,
what is symtoms of dibities,Disease,Dibities के symtoms क्या है,मधुमेह के लक्षण क्या है,madhumeha ke lakshana kya hai,मधुमेह,,
should you avoid alcohol after having acute pancreatitis?,Other,क्या आपको तीव्र अग्नाशयशोथ होने के बाद शराब से बचना चाहिए?,तीव्र अग्नाशयशोथ होने के बाद क्या आपको शराब से बचना चाहिए?,tivra agnashayashotha hone ke bada kya apako sharaba se bachana chahie?,,,
what can cause ererctile disfucntion?,Disease,क्या ererctile disfucntion का कारण बन सकता है?,इरेक्टाइल डिसफंक्शन का कारण क्या हो सकता है?,erectile disfunction ka karana kya ho sakata hai?,इरेक्टाइल डिसफंक्शन,,
why are the testes located outside the body in the adult male?,Other,वृषण वयस्क पुरुष में शरीर के बाहर क्यों स्थित हैं?,वयस्क पुरुष में वृषण शरीर के बाहर क्यों स्थित होते हैं?,vayaska purusha mem vrishana sharira ke bahara kyom sthita hote haim?,,,
can liver cancer kill you,Disease,लीवर कैंसर आपको मार सकता है,क्या लीवर कैंसर आपको मार सकता है,kya liver cancer apako mara sakata hai,लीवर कैंसर,,
do there are cure for cerebral palsy?,Disease,क्या सेरेब्रल पाल्सी का इलाज है?,क्या सेरेब्रल पाल्सी का कोई इलाज है?,kya cerebral palsy ka koi ilaja hai?,सेरेब्रल पाल्सी,,
what causes pain in big toe joint,Other,बड़े पैर की अंगुली के जोड़ में दर्द का कारण क्या है,बड़े पैर के जोड़ में दर्द क्या होता है,badae paira ke jodon mem darda kya hota hai,,,
can you live without your ears?,Other,क्या आप अपने कानों के बिना रह सकते हैं?,क्या तुम अपने कानों के बिना रह सकते हो?,kya tuma apane kanom ke bina raha sakate ho?,,,
how can constipation affect your body weight?,Disease,कब्ज आपके शरीर के वजन को कैसे प्रभावित कर सकता है?,कब्ज आपके शरीर के वजन को कैसे प्रभावित कर सकता है?,kabja apake sharira ke vajana ko kaise prabhavita kara sakata hai?,कब्ज,,
will a yeast infection occur if you are not taking your insulin?,Drug,क्या एक खमीर संक्रमण होगा यदि आप अपना इंसुलिन नहीं ले रहे हैं?,यदि आप अपना इंसुलिन नहीं ले रहे हैं तो क्या यीस्ट इन्फेक्शन हो जाएगा?,yadi apa apana insulin nahim le rahe haim to kya yeast infection ho jaega?,,,इंसुलिन
can an individual have more than one type of arthritis at a time?,Disease,क्या किसी व्यक्ति को एक समय में एक से अधिक प्रकार के गठिया हो सकते हैं?,क्या एक व्यक्ति को एक समय में एक से अधिक प्रकार के गठिया हो सकते हैं?,kya eka vyakti ko eka samaya mem eka se adhika prakara ke gathiya ho sakate haim?,गठिया,,
can infected tonsils break apart and poison your blood stream?,Disease,संक्रमित tonsils अलग तोड़ सकते हैं और अपने रक्त प्रवाह जहर?,क्या संक्रमित टॉन्सिल टूट सकते हैं और आपके रक्त प्रवाह में जहर घोल सकते हैं?,kya samkramita tonsil tuta sakate haim aura apake rakta pravaha mem jahara ghola sakate haim?,टॉन्सिल,,
will anti perspirant cause breast cancer?,Disease,विरोधी perspirant स्तन कैंसर का कारण होगा?,क्या एंटी पर्सपिरेंट से ब्रेस्ट कैंसर होगा?,kya anti perspirant se breast cancer hoga?,ब्रेस्ट कैंसर,,
can infants get strep throat?,Other,क्या शिशुओं को स्ट्रेप गले मिल सकता है?,क्या शिशुओं को गले में खराश हो सकती है?,kya shishuom ko gale mem kharasha ho sakati hai?,,,
does percocet cause weight gain,Drug,क्या पर्कोसेट वजन बढ़ाने का कारण बनता है,क्या पेर्कोसेट वजन बढ़ने का कारण बनता है,kya percocet vajana badhonne ka karana banata hai,,,पेर्कोसेट
genital herpes can it spread from drinking from other people drinking cups,Disease,जननांग दाद यह कप पीने वाले अन्य लोगों से पीने से फैल सकता है,जननांग दाद यह अन्य लोगों के कप पीने से फैल सकता है?,jananamga dada yaha anya logom ke kapa pine se phaila sakata hai?,जननांग दाद,,
why do men feel hungry after sex?,Other,सेक्स के बाद पुरुषों को भूख क्यों लगती है?,सेक्स के बाद पुरुषों को भूख क्यों लगती है?,sex ke bada purushom ko bhukha kyom lagati hai?,,,
can lymph nodes become infected?,Other,लिम्फ नोड्स संक्रमित हो सकते हैं?,क्या लिम्फ नोड्स संक्रमित हो सकते हैं?,kya lymph nodes samkramita ho sakate haim?,,,
can rupturing a cyst under the skin cause cancer,Disease,त्वचा के नीचे एक पुटी rupturing कैंसर का कारण बन सकता है,त्वचा के नीचे पुटी फटने से कैंसर हो सकता है,tvacha ke niche puti phatane se cancer ho sakata hai,कैंसर,,
is there a permanent hair removal product available for men?,Other,वहाँ एक स्थायी बाल हटाने के उत्पाद पुरुषों के लिए उपलब्ध है?,क्या एक स्थायी बाल हटाने के उत्पाद पुरुषों के लिए उपलब्ध है?,kya eka sthayi bala hatane ke utpada purushom ke lie upalabdha hai?,,,
what ingredients should you avoid in your makeup if you have sensitive skin?,Other,यदि आपके पास संवेदनशील त्वचा है तो आपको अपने मेकअप में किन सामग्रियों से बचना चाहिए?,यदि आपके पास संवेदनशील त्वचा है तो आपको अपने मेकअप में किन सामग्रियों से बचना चाहिए?,yadi apake pasa samvedanashila tvacha hai to apako apane mekapa mem kina samagriyom se bachana chahie?,,,
"what does ""half-life"" mean for a drug?",Other,"एक दवा के लिए ""आधा जीवन"" का क्या मतलब है?","एक दवा के लिए ""हाफ लाइफ"" का क्या मतलब है?","eka dava ke lie ""half life"" ka kya matalaba hai?",,,
how many cc's are in an ml?,Other,एक मिलीलीटर में कितने सीसी हैं?,एक मिलीलीटर में कितने सीसी हैं?,eka mililitre mem kitane cc haim?,,,
when can i start buying insurance through the marketplace?,Other,जब मैं बाजार के माध्यम से बीमा खरीदना शुरू कर सकते हैं?,कब बाजार बीमा खरीदना शुरू कर सकते हैं?,kaba bajara bima kharidana shuru kara sakate haim?,,,
"is divorce that triggers loss of health insurance coverage a ""life event change""?",Other,"तलाक है कि स्वास्थ्य बीमा कवरेज के नुकसान को ट्रिगर करता है एक ""जीवन घटना परिवर्तन""?",,,,,
who are the 3 health insurance companies for illinois?,Other,इलिनोइस के लिए 3 स्वास्थ्य बीमा कंपनियां कौन हैं?,इलिनोइस के ३ स्वास्थ्य बीमा कंपनियां कौन हैं?,ilinois ke 3 svasthya bima kampaniyam kauna haim?,,,
can having your scalp massaged affect the health of your hair in any way?,Other,क्या आपकी खोपड़ी की मालिश किसी भी तरह से आपके बालों के स्वास्थ्य को प्रभावित कर सकती है?,क्या आपके सिर की मालिश करने से आपके बालों के स्वास्थ्य पर किसी भी तरह का प्रभाव पड़ सकता है?,kya apake sira ki malisha karane se apake balom ke svasthya para kisi bhi taraha ka prabhava padon sakata hai?,,,
is flossing safe for kids under 3?,Other,क्या 3 साल से कम उम्र के बच्चों के लिए फ्लॉसिंग सुरक्षित है?,क्या 3 साल से कम उम्र के बच्चों के लिए फ्लॉसिंग सुरक्षित है?,kya 3 sala se kama umra ke bachchom ke lie flossing surakshita hai?,,,
if a person never has fluoride what will happen to their teeth?,Other,"यदि किसी व्यक्ति को कभी फ्लोराइड नहीं होता है, तो उनके दांतों का क्या होगा?","यदि किसी व्यक्ति को कभी फ्लोराइड नहीं मिलता है, तो उनके दांतों का क्या होगा?","yadi kisi vyakti ko kabhi phloraida nahim milata hai, to unake damtom ka kya hoga?",,,
at what age do children begin to get their adult teeth?,Other,किस उम्र में बच्चों को अपने वयस्क दांत मिलना शुरू हो जाते हैं?,किस उम्र में बच्चों को अपने वयस्क दांत मिलना शुरू हो जाते हैं?,kisa umra mem bachchom ko apane vayaska damta milana shuru ho jate haim?,,,
what is the best color for full porcelain dentures?,Treatment,पूर्ण चीनी मिट्टी के बरतन डेन्चर के लिए सबसे अच्छा रंग क्या है?,पोसेलेन के डेन्चर के लिए सबसे अच्छा रंग क्या है?,porcelein ke denchara ke lie sabase achcha ramga kya hai?,,पोसेलेन के डेन्चर,
can you get dental implants if you grind your teeth?,Other,यदि आप अपने दांतों को पीसते हैं तो क्या आप दंत प्रत्यारोपण प्राप्त कर सकते हैं?,यदि आप अपने दांतों को पीसते हैं तो क्या आप दंत प्रत्यारोपण प्राप्त कर सकते हैं?,yadi apa apane damtom ko pisate haim to kya apa damta pratyaropana prapta kara sakate haim?,,,
how can i find a good orthodontist or oral surgeon for my daughter?,Other,मैं अपनी बेटी के लिए एक अच्छा orthodontist या मौखिक सर्जन कैसे मिल सकता है?,अपनी बेटी के लिए एक अच्छा ओथडोटिस या मौखिक सर्जन कैसे मिल सकता है?,apani beti ke lie eka achcha othadontis ya maukhika surgeon kaise mila sakata hai?,,,
,,,,,,,
What are the instructions for the storage and disposal of Ubicar Tablet?,Drug,यूबीकर टैबलेट (Ubicar Tablet) के भंडारण और निपटान के लिए क्या निर्देश हैं?,यूबीकार टैबलेट के भंडारण और निपटान के लिए क्या निर्देश हैं?,,,,यूबीकार टैबलेट
"Should I avoid any foods, drinks while taking Bilazest 20mg Tablet?",Drug,"क्या मुझे बिलाज़ेस्ट २०एमजी टैबलेट (Bilazest 20mg Tablet) लेते समय किसी भी खाद्य पदार्थों, पेय पदार्थों से बचना चाहिए?","क्या मुझे बिलाज़ेस्ट २०एमजी टैबलेट लेते समय किसी भी खाद्य पदार्थ, पेय से बचना चाहिए?",,,,बिलाज़ेस्ट २०एमजी टैबलेट
Is Fluka 150 Tablet over the counter (OTC)?,Drug,क्या फ्लूका १५० टैबलेट (ओटीसी) पर है?,क्या फ्लूका १५० टैबलेट बिना पर्ची का है?,,,,फ्लूका १५० टैबलेट
Does Justin AQ 75mg Injection make you drowsy?,Drug,क्या जस्टिन एक्यू ७५एमजी इंजेक्शन आपको उनींदा बनादेता है?,क्या जस्टिन एक्यू ७५एमजी इंजेक्शन आपको मदहोश कर देता है?,,,,जस्टिन एक्यू ७५एमजी इंजेक्शन
Can Dolonex DT 20mg Tablet be used in hypertension?,Drug,क्या उच्च रक्तचाप में डोलोनेक्स डीटी २०एमजी टैबलेट (Dolonex DT 20mg Tablet) का प्रयोग किया जा सकता है?,क्या उच्च रक्तचाप में डोलोनेक्स डीटी २०एमजी टैबलेट का प्रयोग किया जा सकता है?,,उच्च रक्तचाप,,डोलोनेक्स डीटी २०एमजी टैबलेट
Is Domstal 10mg Tablet used for motion sickness?,Drug,क्या मोशन सिकनेस के लिए डोमस्टल १०एमजी टैबलेट (Domstal 10mg Tablet) का प्रयोग किया जाता है?,क्या सफ़र के कारण उबकाई के लिए डोमस्टल १०एमजी टैबलेट का प्रयोग किया जाता है?,,,,डोमस्टल १०एमजी टैबलेट
For how long should I continue Teczine Tablet?,Drug,मुझे कितने समय तक टेक्ज़ीन टैबलेट (Teczine Tablet) जारी रखना चाहिए?,मुझे कितने समय तक टेक्ज़ाइन टैबलेट जारी रखना चाहिए?,,,,टेक्ज़ाइन टैबलेट
Will Enzar Forte  Tablet be more effective if taken in more than recommended dose?,Drug,क्या एन्ज़र फोर्टटैबलेट (Enzar Forte Tablet) अधिक प्रभावी होगा यदि अनुशंसित खुराक से अधिक लिया जाता है?,यदि अनुशंसित खुराक से अधिक मात्रा में लिया जाए तो क्या एन्ज़र फोर्ट टैबलेट अधिक प्रभावी होगा?,,,,एन्ज़र फोर्ट टैबलेट
Can the use of Hifenac-MR Tablet cause dizziness?,Drug,क्या हिफेनाक-एमआर टैबलेट (Hifenac-MR Tablet) के प्रयोग से चक्कर आना होता है?,क्या  हिफेनाक-एमआर टैबलेट के इस्तेमाल से चक्कर आ सकते हैं?,,,,हिफेनाक-एमआर टैबलेट
What is intense pulse light therapy (IPL)?,Treatment,तीव्र पल्स लाइट थेरेपी (आईपीएल) क्या है?,तीव्र पल्स लाइट थेरेपी क्या है?,,,तीव्र पल्स लाइट थेरेपी,
Is Just Tears Eye Drop bad?,Drug,क्या सिर्फ आँसू आंखों की बूंद खराब है?,क्या जस्ट टीयर्स आई ड्रॉप खराब है?,,,,जस्ट टीयर्स आई ड्रॉप
Should I take Cilacar 10 Tablet in the morning or at night?,Drug,क्या मुझे सुबह या रात में सिलाकर १० टैबलेट (Cilacar 10 Tablet) लेना चाहिए?,सिलाकर १० टैबलेट सुबह या रात में लेना चाहिए?,,,,सिलाकर १० टैबलेट
Can the use of Enzoflam Tablet cause dizziness?,Drug,क्या एन्ज़ोफ्लैम टैबलेट (Enzoflam Tablet) के प्रयोग से चक्कर आना होता है?,क्या एन्ज़ोफ्लैम टैबलेट के इस्तेमाल से चक्कर आ सकते हैं?,,,,एन्ज़ोफ्लैम टैबलेट
How long does Quadriderm NF Cream takes to work?,Other,क्वाड्रीडर्म एनएफ क्रीम (Quadriderm NF Cream) को काम करने में कितना समय लगता है?,क्वाड्रिडर्म एनएफ क्रीम को काम करने में कितना समय लगता है?,,,,क्वाड्रिडर्म एनएफ क्रीम
What are the instructions for storage and disposal of Quadrajel Gel?,Other,क्वाड्राजेल जेल के भंडारण और निपटान के लिए क्या निर्देश हैं?,क्वाड्राजेल जेल के भंडारण और निपटान के लिए क्या निर्देश हैं?,,,,क्वाड्राजेल जेल
Can I get my child vaccinated while on treatment with Augmentin Duo Oral Suspension?,Drug,क्या ऑगमेंटिन डुओ ओरल (Augmentin Duo Oral Suspension) के साथ उपचार के दौरान मैं अपने बच्चे को टीका लगवा सकता हूं?,क्या मैं ऑगमेंटिन डुओ ओरल सस्पेंशन से इलाज के दौरान अपने बच्चे का टीकाकरण करवा सकता हूं?,,,,ऑगमेंटिन डुओ ओरल सस्पेंशन
Can Gudcef 200 Tablet cause constipation?,Drug,क्या गुडसेफ २०० टैबलेट के कारण कब्ज होता है?,क्या गुडसेफ  २०० टैबलेट के कारण कब्ज हो सकता है?,,,,गुडसेफ २०० टैबलेट
Can the use of Jalra-M  50mg/1000mg Tablet lead to Vitamin B12 deficiency?,Drug,क्या जालरा-एम ५०एमजी/१० एमजी टैबलेट (Jalra-M 50mg/1000mg Tablet) के प्रयोग से विटामिन बी 12 की कमी हो सकती है?,क्या जालरा-एम ५०एमजी/१० एमजी टैबलेट के इस्तेमाल से विटामिन बी12 की कमी हो सकती है?,,,,जालरा-एम ५०एमजी/१० एमजी टैबलेट
Which is the best area to inject Human Mixtard 70/30 Suspension for Injection 100IU/ml?,Drug,इंजेक्शन 100IU/ml के लिए ह्यूमन मिक्सटार्ड 70/30 (Human Mixtard 70/30 Suspension) को इंजेक्ट करने के लिए सबसे अच्छा क्षेत्र कौन सा है?,ह्यूमन मिक्सटार्ड ७०/३० सस्पेंशन फॉर इंजेक्शन १०० एमएल को इंजेक्ट करने के लिए सबसे अच्छा क्षेत्र कौन सा है?,,,,ह्यूमन मिक्सटार्ड ७०/३० सस्पेंशन फॉर इंजेक्शन १०० एमएल
What are the things which I need to know while taking Febuget 40 Tablet?,Drug,फेबुगेट ४० टैबलेट (Febuget 40 Tablet) लेते समय मुझे कौन सी चीजें जानने की जरूरत है?,फेबुगेट ४० टैबलेट लेते समय कौन सी चीजें हैं जो मुझे जानना आवश्यक हैं?,,,,फेबुगेट ४० टैबलेट
What if I forget to take a dose of Inderal 40 Tablet?,Drug,क्या होगा यदि मैं इंदरल ४० टैबलेट (Inderal 40 Tablet) की एक खुराक लेना भूल जाता हूं?,अगर मैं इनडेरल ४० टैबलेट की एक खुराक लेना भूल जाऊं तो क्या होगा?,,,,इनडेरल ४० टैबलेट
Is Ciplox Eye/Ear Drops safe?,Drug,क्या सिप्लॉक्स आई/ईयर ड्रॉप सुरक्षित है?,क्या सिप्लॉक्स आई/ईयर ड्रॉप  सुरक्षित है?,,,,सिप्लॉक्स आई/ईयर ड्रॉप
What are the instructions for storage and disposal of Pantop-D Capsule?,Drug,पैंटोप-डी कैप्सूल के भंडारण और निपटान के लिए क्या निर्देश हैं?,पैनटॉप-डी कैप्सूल के भंडारण और निपटान के लिए क्या निर्देश हैं?,,,,पैनटॉप-डी कैप्सूल
Does Telmikind 40 Tablet work by causing excessive urination?,Drug,क्या टेल्मीकाइंड ४० टैबलेट (Telmikind 40 Tablet) अत्यधिक पेशाब की वजह से काम करता है?,क्या अत्यधिक पेशाब की वजह से टेल्मीकाइंड ४० टैबलेट  काम करता है?,,,,टेल्मीकाइंड ४० टैबलेट
Which lab tests may my child undergo while taking Taxim-O Dry Syrup Delicious Pineapple on a long-term basis?,Drug,लंबे समय तक के आधार पर टैक्सिम-ओ ड्राई सिरप स्वादिष्ट अनानास लेते समय मेरे बच्चे को किस प्रयोगशाला परीक्षण से गुजरना पड़ सकता है?,लंबे समय तक टैक्सीम-ओ ड्राय सिरप डिलीशियस पाइनएप्पल लेते समय मेरे बच्चे को कौन से लैब टेस्ट से गुजरना पड़ सकता है?,,,,टैक्सीम-ओ ड्राय सिरप डिलीशियस पाइनएप्पल
Does Human Actrapid 40IU/ml Solution for Injection need to be refrigerated?,Drug,क्या इंजेक्शन के लिए ह्यूमन एक्ट्रापिड 40आईयू/एमएल सॉल्यूशन को प्रशीतित करने की आवश्यकता है?,क्या ह्यूमन एक्ट्रापिड ४० आईयू/एमएल सॉल्यूशन फॉर इंजेक्शन को रेफ्रिजरेट करने की जरूरत है?,,,,ह्यूमन एक्ट्रापिड ४० आईयू/एमएल सॉल्यूशन फॉर इंजेक्शन
Can I give Allegra Suspension Raspberry & Vanilla along with juices?,Drug,क्या मैं रस के साथ अलेग्रा (Raspberry Suspension Raspberry & Vanilla) दे सकता हूँ?,क्या मैं जूस के साथ एलेग्रा सस्पेंशन रास्पबेरी और वेनिला दे सकता हूं?,,,,एलेग्रा सस्पेंशन रास्पबेरी और वेनिला
What is secondary bacterial peritonitis?,Disease,Secondary bacterial peritonitis क्या है?,द्वितीयक जीवाणु पेरिटोनिटिस क्या है?,,पेरिटोनिटिस,,
When and what is the right choice to take calcium supplements?,Drug,कैल्शियम की खुराक लेने के लिए कब और क्या सही विकल्प है?,कैल्शियम की खुराक लेने का सही विकल्प कब और क्या है?,,,,कैल्शियम की खुराक
Where do you inject HUCOG 5000 HP Injection?,Drug,आप हूकोग ५० एचपी इंजेक्शन को कहां इंजेक्ट करते हैं?,आप हुकोग ५००० एचपी इंजेक्शन कहाँ लगाते हैं?,,,,हुकोग ५००० एचपी इंजेक्शन
Is HUCOG 5000 HP Injection painful?,Drug,क्या हुकोग ५००० एचपी इंजेक्शन दर्दनाक है?,क्या  हुकोग ५००० एचपी इंजेक्शन दर्दनाक है?,,,,हुकोग ५००० एचपी इंजेक्शन
Can I take antacid and IT-Mac 100 Capsule together?,Drug,क्या मैं एंटासिड और आईटी-मैक १०० कैप्सूल एक साथ ले सकता हूं?,क्या मैं एंटासिड और आईटी-मैक १०० कैप्सूल एक साथ ले सकता हूं?,,,,"एंटासिड, आईटी-मैक १०० कैप्सूल"
Can Cepodem 200 Tablet cause constipation?,Drug,क्या सेपोडेम २०० टैबलेट के कारण कब्ज होता है?,क्या  सेपोडेम २०० के कारण कब्ज हो सकता है?,,,,सेपोडेम २००
How long does Ugesic Sublingual tablet work?,Drug,Ugesic Sublingual Tablet कब तक काम करता है?,यूजेसिक सबलिंगुअल टैबलेट कितने समय तक काम करता है?,,,,यूजेसिक सबलिंगुअल टैबलेट
Is Indocap SR Capsule safe?,Drug,क्या इंडोकैप एसआर कैप्सूल सुरक्षित है?,क्या इंडोकैप एसआर कैप्सूल सुरक्षित है?,,,,इंडोकैप एसआर कैप्सूल
Is Domstal 10mg Tablet an over the counter drug?,Drug,क्या डोमस्टल १०एमजी टैबलेट (Domstal 10mg Tablet) एक ओवर द काउंटर दवा है?,क्या डोमस्टल १०एमजी टैबलेट एक ओवर द काउंटर दवा है?,,,,डोमस्टल १०एमजी टैबलेट
How long will Hifenac-MR Tablet take to act?,Drug,हिफेनाक-एमआर टैबलेट (Hifenac-MR Tablet) को कार्य करने में कितना समय लगेगा?,हिफेनैक-एमआर टैबलेट को असर करने में कितना समय लगेगा?,,,,हिफेनैक-एमआर टैबलेट
Does Forxiga 10mg Tablet cause weight loss?,Drug,क्या फॉर्सिगा १०एमजी टैबलेट के कारण वजन कम होता है?,क्या फॉर्सिगा १०एमजी टैबलेट के कारण वजन कम होता है?,,,,फॉर्सिगा १०एमजी टैबलेट
What is the storage condition for the Surfaz-SN Cream?,Drug,सरफाज़-एसएन क्रीम (Surfaz-SN Cream) के लिए भंडारण की स्थिति क्या है?,सर्फ़ज़-एसएन क्रीम के लिए भंडारण की स्थिति क्या है?,,,,सर्फ़ज़-एसएन क्रीम
What should I know about the storage and disposal of Neurobion RF Forte Injection?,Drug,मुझे न्यूरोबियोन आरएफ फोर्टे इंजेक्शन के भंडारण और निपटान के बारे में क्या पता होना चाहिए?,मुझे न्यूरोबियन आरएफ फोर्ट इंजेक्शन के भंडारण और निपटान के बारे में क्या पता होना चाहिए?,,,,न्यूरोबियन आरएफ फोर्ट इंजेक्श
What are the instructions for the storage and disposal of Uphold Tablet?,Drug,अपहोल्ड टैबलेट (Uphold Tablet) के भंडारण और निपटान के लिए क्या निर्देश हैं?,यूफोल्ड टैबलेट के भंडारण और निपटान के लिए क्या निर्देश हैं?,,,,यूफोल्ड टैबलेट
Can I feel dizzy after taking Arkamin Tablet?,Drug,क्या अर्कामिन टैबलेट (Arkamin Tablet) लेने के बाद मुझे चक्कर आ सकता है?,क्या आर्कमिन टैबलेट को लेने के बाद मुझे चक्कर आ सकते हैं?,,,,आर्कमिन टैबलेट
What is the 15-15 rule?,Other,15-15 नियम क्या है?,१५-१५ नियम क्या है?,,,,
What if I don't get better after using Zifi CV 200 Tablet?,Drug,यदि ज़िफी सीवी २०० टैबलेट (Zifi CV 200 Tablet) का प्रयोग करने के बाद मुझे बेहतर नहीं मिलता है तो क्या होगा?,अगर ज़िफ़ी सीवी २०० टैबलेट का उपयोग करने के बाद मैं बेहतर नहीं होता तो क्या करें?,,,,ज़िफ़ी सीवी २०० टैबलेट
Is it safe to use Bactrim DS Tablet?,Drug,क्या बैकट्रीम डीएस टैबलेट (Bactrim DS Tablet) प्रयोग करना सुरक्षित है?,क्या बैक्ट्रीम डीएस टैबलेट का इस्तेमाल सुरक्षित है?,,,,बैक्ट्रीम डीएस टैबलेट
I have been on alprazolam for quite some time. Is it okay if I start IT-Mac 100 Capsule now?,Drug,मैं काफी समय के लिए alprazolam पर किया गया है. क्या यह ठीक है यदि मैं अभी आईटी-मैक १०० कैप्सूल (IT-Mac 100 Capsule) शुरू करता हूं?,मैं काफी समय से अल्प्राजोलम पर हूं। अगर मैं अभी आईटी-मैक १०० कैप्सूल शुरू करूँ तो क्या यह ठीक है?,,,,"अल्प्राजोलम, आईटी-मैक १०० कैप्सूल"
Is Sucral Suspension available or sold over the counter?,Drug,क्या सुक्रल (Sucral Suspension) उपलब्ध है या काउंटर पर बेचा जाता है?,सुक्रल सस्पेंशन काउंटर पर उपलब्ध या बेचा जाता है?,,,,सुक्रल सस्पेंशन
Is there anything I need to avoid while taking Gabaneuron NT Tablet?,Drug,क्या गाबान्यूरॉन एनटी टैबलेट (Gabaneuron NT Tablet) लेते समय मुझे कुछ भी बचने की ज़रूरत है?,गैबैन्यूरॉन एनटी टैबलेट लेते समय क्या कुछ है जिससे मुझे बचना चाहिए?,,,,गैबैन्यूरॉन एनटी टैबलेट
Can I breastfeed while taking Chericof Syrup?,Drug,क्या चेरीकोफ़ सिरप लेते समय मुझे स्तनपान करा सकते हैं?,क्या मैं चेरिकोफ सिरप लेते समय स्तनपान कर सकता हूं?,,,,चेरिकोफ सिरप
What is Itralase 200 Capsule used for?,Drug,इट्रालेस २०० कैप्सूल के लिए क्या प्रयोग किया जाता है?,इट्रालेस १०० कैप्सूल किसके लिए प्रयोग किया जाता है?,,,,इट्रालेस १०० कैप्सूल
"Why does Retino-A 0.025% Cream cause dry skin, dry lips and dry nose? How to manage these?",Drug,"रेटिनो-ए ०.०२५% क्रीम क्यों शुष्क त्वचा, शुष्क होंठ और शुष्क नाक का कारण बनता है? इन्हें कैसे प्रबंधित किया जाए?","रेटिनो-ए ०.०२५% क्रीम के कारण शुष्क त्वचा, शुष्क होंठ और शुष्क नाक क्यों होती है? इन्हें कैसे मैनेज करें?",,,,रेटिनो-ए ०.०२५% क्रीम
Can Jupiros 10 Tablet cause muscle problems or muscle injury?,Drug,क्या जूपिरोस १० टैबलेट (Jupiros 10 Tablet) मांसपेशियों में समस्याओं या मांसपेशियों में चोट का कारण बन सकता है?,क्या जुपिरोस १० टैबलेट के कारण मांसपेशियों में समस्या या मांसपेशियों में चोट हो सकती है?,,,,जुपिरोस १० टैबलेट
What if I forget to take a dose of Hetrazan 100 Tablet?,Drug,क्या होगा यदि मैं हेट्राज़न १०० टैबलेट (Hetrazan 100 Tablet) की एक खुराक लेना भूल जाता हूं?,अगर मैं हेट्राज़ैन १००  टैबलेट की एक खुराक लेना भूल जाऊं तो क्या करें?,,,,हेट्राज़ैन १०० टैबलेट
Can I drink alcohol while taking Huminsulin  30/70 100IU/ml Cartridge 3ml?,Drug,क्या मैं ह्यूमिनसुलिन 30/70 100IU/ ml कारतूस 3ml लेते समय शराब पी सकता हूं?,क्या मैं ह्यूमिनसुलिन ७०/३० १०० एमएल कारतूस लेते समय शराब पी सकता हूं?,,,,ह्यूमिनसुलिन ७०/३० १०० एमएल
Can Ecosprin-AV 75 Capsule affect the liver?,Drug,क्या इकोस्प्रिन-एवी ७५ कैप्सूल यकृत को प्रभावित कर सकता है?,क्या इकोस्प्रिन-एवी ७५ कैप्सूल यकृत को प्रभावित कर सकता है?,,,,इकोस्प्रिन-एवी ७५ कैप्सूल
For how long do I need to take IT-Mac 200 Capsule?,Drug,मुझे कितने समय तक आईटी-मैक २०० कैप्सूल (IT-Mac 200 Capsule) लेने की जरुरत होती है?,मुझे कितने समय तक आईटी-मैक २०० कैप्सूल लेने की जरुरत होती है?,,,,आईटी-मैक २०० कैप्सूल
Will I need to stop Ecosprin 150 Tablet before surgery or dental procedure?,Drug,क्या मुझे सर्जरी या दंत प्रक्रिया से पहले इकोस्प्रिन १५० टैबलेट (Ecosprin 150 Tablet) को रोकने की आवश्यकता होगी?,क्या मुझे सर्जरी या दंत प्रक्रिया से पहले एकोस्प्रिन 150 टैबलेट को रोकने की आवश्यकता होगी?,,,,एकोस्प्रिन 150 टैबलेट
What are the instructions for storage and disposal of Seroflo 250 Inhaler?,Drug,सेरोफ्लो 250 इनहेलर के भंडारण और निपटान के लिए क्या निर्देश हैं?,सेरोफ्लो  २५ इनहेलर के भंडारण और निपटान के लिए क्या निर्देश हैं?,,,,सेरोफ्लो २५ इनहेलर
How does Zentel Oral Suspension work?,Drug,जेंटेल ओरल कैसे काम करता है?,ज़ेंटेल ओरल सस्पेंशन कैसे काम करता है?,,,,ज़ेंटेल ओरल सस्पेंशन
How often should I use Keraglo - AD Anti-Dandruff Shampoo?,Drug,मुझे कितनी बार केराग्लो - एडी एंटी-डैंड्रफ शैम्पू (Ad Anti-Dandruff Shampoo) का प्रयोग करना चाहिए?,मुझे कितनी बार केराग्लो - एडी एंटी-डैंड्रफ शैम्पू का उपयोग करना चाहिए?,,,,केराग्लो - एडी एंटी-डैंड्रफ शैम्पू
What are the instructions for storage and disposal of Montair-LC Tablet?,Drug,मोंटेयर-एलसी टैबलेट (Montair-LC Tablet) के भंडारण और निपटान के लिए क्या निर्देश हैं?,मोंटेयर-एलसी टैबलेट के भंडारण और निपटान के लिए क्या निर्देश हैं?,,,,मोंटेयर-एलसी टैबलेट
Does massage help relieve joint pain?,Drug,क्या मालिश जोड़ों के दर्द को दूर करने में मदद करती है?,क्या मालिश जोड़ों के दर्द से राहत दिलाने में मदद करती है?,,जोड़ों के दर्द,,
What are the instructions for storage and disposal of Reswas Syrup?,Drug,रेसवास सिरप के भंडारण और निपटान के लिए क्या निर्देश हैं?,रेसवास सिरप के भंडारण और निपटान के लिए क्या निर्देश हैं?,,,,रेसवास सिरप
Are there any special instructions regarding storage and disposal of this medicine?,Other,क्या इस दवा के भंडारण और निपटान के बारे में कोई विशेष निर्देश हैं?,क्या इस दवा के भंडारण और निपटान के संबंध में कोई विशेष निर्देश हैं?,,,,
What if my child takes too much Emeset Syrup Juicy Lemon?,Drug,क्या होगा यदि मेरा बच्चा बहुत अधिक एमेसेट सिरप रसदार नींबू लेता है?,क्या होगा यदि मेरा बच्चा बहुत अधिक एमेसेट सिरप जूसी लेमन लेता है?,,,,एमेसेट सिरप जूसी लेम
How should I store my child’s medicine?,Other,मुझे अपने बच्चों की दवा कैसे स्टोर करनी चाहिए?,मुझे अपने बच्चे की दवा कैसे स्टोर करनी चाहिए?,,,,
Can I take Forxiga 10mg Tablet before surgery?,Drug,क्या सर्जरी से पहले मैं फॉर्सिगा १०एमजी टैबलेट (Forxiga 10mg Tablet) का सेवन कर सकता हूं?,मुझे कितने समय तक आईटी-मैक २०० कैप्सूल लेने की जरुरत होती है?,,,,आईटी-मैक २०० कैप्सूल
Can the Ecosprin-AV 75 Capsule cause muscle pain?,Drug,क्या इकोस्प्रिन-एवी ७५ कैप्सूल की वजह से मांसपेशियों में दर्द हो सकता है?,क्या इकोस्प्रिन-एवी ७५ कैप्सूल की वजह से मांसपेशियों में दर्द हो सकता है?,,,,इकोस्प्रिन-एवी ७५ कैप्सूल
What is Gardenal 60 Tablet used for?,Drug,गार्डेनल ६० टैबलेट के लिए क्या प्रयोग किया जाता है?,गार्डेनल ६० टैबलेट के लिए क्या प्रयोग किया जाता है?,,,,गार्डेनल ६० टैबलेट
Can the use of Combiflam Tablet cause dizziness?,Drug,क्या कॉम्बीफ्लेम टैबलेट (Combiflam Tablet) के प्रयोग से चक्कर आना होता है?,क्या कॉम्बीफ्लेम टैबलेट के प्रयोग से चक्कर आना होता है?,,,,कॉम्बीफ्लेम टैबलेट
What is Drotin-M Tablet?,Drug,ड्रोटिन-एम टैबलेट क्या है?,ड्रोटिन-एम टैबलेट क्या है?,,,,ड्रोटिन-एम टैबलेट
How long does it take for Vigore 100 Red Tablet to work?,Drug,विगोर १०० रेड टैबलेट (Vigore 100 Red Tablet) को काम करने में कितना समय लगता है?,विगोर १००  रेड टैबलेट को काम करने में कितना समय लगता है?,,,,विगोर १०० रेड टैबलेट
How long do I need to take Januvia 50mg Tablet?,Drug,मुझे कितने समय तक जानुविया ५०एमजी टैबलेट (Januvia 50mg Tablet) लेने की जरुरत होती है?,जानुविया ५०एमजी  टैबलेट को कितने समय तक लेने की जरुरत है?,,,,जानुविया ५०एमजी टैबलेट
"What is the difference between cardiac arrest, heart failure and myocardial infarction?",Disease,"कार्डियक अरेस्ट, दिल की विफलता और मायोकार्डियल रोधगलन के बीच अंतर क्या है?","कार्डियक अरेस्ट, हार्ट फेल्योर और मायोकार्डियल इंफार्क्शन में क्या अंतर है?",,"कार्डियक अरेस्ट, हार्ट फेल्योर, मायोकार्डियल इंफार्क्शन",,
Can I get pregnant while taking Crina-NCR 10mg Tablet?,Other,क्या क्रिना-एनसीआर १०एमजी टैबलेट (Crina-NCR 10mg Tablet) लेते समय मैं गर्भवती हो सकती हूं?,क्या मैं क्रिना-एनसीआर १०एमजी टैबलेट लेते समय गर्भवती हो सकती हूं?,,,,क्रिना-एनसीआर १०एमजी टैबलेट
For how long should I apply Candid Mouth Paint? Can I stop if the symptoms have completely disappeared?,Other,मुझे कब तक कैंडिड माउथ पेंट लागू करना चाहिए? क्या मैं रोक सकता हूं यदि लक्षण पूरी तरह से गायब हो गए हैं?,मुझे कितने समय के लिए कैंडिडेट माउथ पेंट लगाना चाहिए? यदि लक्षण पूरी तरह से गायब हो गए हैं तो क्या मैं रुक सकता हूं?,,,,कैंडिडेट माउथ पेंट
Can the use of Hifenac-MR Tablet cause damage to liver?,Drug,क्या हिफेनाक-एमआर टैबलेट (Hifenac-MR Tablet) का प्रयोग यकृत को नुकसान पहुंचा सकता है?,क्या हिफेनाक-एमआर टैबलेट का प्रयोग यकृत को नुकसान पहुंचा सकता है?,,,,हिफेनाक-एमआर टैबलेट
Are there any specific contraindications associated with the use of Cyclopam Tablet?,Drug,क्या साइक्लोपैम टैबलेट (Cyclopam Tablet) के प्रयोग से संबंधित कोई विशिष्ट निषेध हैं?,क्या साइक्लोपाम टैबलेट के उपयोग से जुड़े कोई विशिष्ट मतभेद हैं?,,,,साइक्लोपाम टैबलेट
What if somebody takes more than the recommended dose of Gabapin 300 Capsule?,Drug,क्या होगा यदि कोई गाबापिन ३०० कैप्सूल (Gabapin 300 Capsule) की अनुशंसित खुराक से अधिक लेता है?,क्या होगा अगर कोई गाबापिन ३०० कैप्सूल की सुझाई गई खुराक से अधिक लेता है?,,,,गाबापिन ३०० कैप्सूल
What are the side effects of Ketoford 2% Cream?,Drug,कीटोफोर्ड २% क्रीम के क्या दुष्प्रभाव हैं?,केटोफोर्ड २% क्रीम के दुष्प्रभाव क्या हैं?,,,,केटोफोर्ड २% क्रीम
What are the side effects of Feburic 40 Tablet?,Drug,फेब्यूरिक ४० टैबलेट के क्या दुष्प्रभाव हैं?,फेबुरिक ४० टैबलेट के क्या दुष्प्रभाव हैं?,,,,फेबुरिक ४० टैबलेट
I am taking Retino-A 0.025% Cream. What should I do if I am planning to become pregnant?,Drug,मैं रेटिनो-ए 0.02        २५% क्रीम (Retino-A 0.025% Cream) ले रहा हूँ। अगर मैं गर्भवती होने की योजना बना रही हूं तो मुझे क्या करना चाहिए?,मैं रेटिनो-ए 0.0२५% क्रीम का सेवन कर रहा हूं। अगर मैं गर्भवती होने की योजना बना रही हूं तो मुझे क्या करना चाहिए?,,,,रेटिनो-ए 0.0२५% क्रीम
Is cheese harmful to stomach-ulcer patients?,Other,क्या पनीर पेट-अल्सर के मरीजों के लिए हानिकारक है?,क्या पनीर पेट के अल्सर के मरीजों के लिए हानिकारक है?,,अल्सर,,
In what conditions do I need to call my child’s doctor right away?,Other,किन परिस्थितियों में मुझे अपने बच्चों के डॉक्टर को तुरंत कॉल करने की आवश्यकता है?,किन स्थितियों में मुझे अपने बच्चे के डॉक्टर को तुरंत बुलाने की ज़रूरत है?,,,,
What are the instructions for the storage and disposal of Clavam 625 Tablet?,Drug,क्लेवम ६२५ टैबलेट (Clavam 625 Tablet) के भंडारण और निपटान के लिए क्या निर्देश हैं?,क्लेवम ६२५ टैबलेट के भंडारण और निपटान के लिए क्या निर्देश हैं?,,,,क्लेवम ६२५ टैबलेट
Can I breastfeed while taking Zedex Cough Syrup?,Drug,क्या ज़ेडेक्स कफ सिरप लेते समय मुझे स्तनपान करा सकते हैं?,क्या मैं ज़ेडेक्स कफ सिरप लेते समय स्तनपान कर सकता हूं?,,,,ज़ेडेक्स कफ सिरप
Does Josh In 50mg Tablet affect sperm?,Drug,क्या जोश इन ५०एमजी टैबलेट (Josh In 50mg Tablet) शुक्राणु को प्रभावित करता है?,क्या जोश इन ५०एमजी टैबलेट शुक्राणु को प्रभावित करता है?,,,,जोश इन ५०एमजी टैबलेट
What are the instructions for storage and disposal of Montina-L Tablet?,Other,मोंटिना-एल टैबलेट (Montina-L Tablet) के भंडारण और निपटान के लिए क्या निर्देश हैं?,मोंटिना-एल टैबलेट के भंडारण और निपटान के लिए क्या निर्देश हैं?,,,,मोंटिना-एल टैबलेट
How long should I take Idrofos 150 Tablet?,Drug,मुझे कितने समय तक इड्रोफॉस १५० टैबलेट लेना चाहिए?,मुझे इड्रोफोस १५० टैबलेट कितने समय तक लेना चाहिए?,,,,इड्रोफोस १५० टैबलेट
What does Buscopan 20mg Injection treat and how does it work?,Other,बुस्कोपन २०एमजी इंजेक्शन (Buscopan 20mg Injection) क्या इलाज करता है और यह कैसे काम करता है?,बुस्कोपन २०एमजी इंजेक्शन क्या इलाज  करता है और यह कैसे काम करता है?,,,,बुस्कोपन २०एमजी इंजेक्शन
Does Etizola 0.25 Tablet have abuse potential?,Drug,क्या एटिज़ोला ०.२५ टैबलेट (Etizola 0.25 Tablet) में दुरुपयोग की क्षमता है?,क्या  एटिज़ोला ०.२५ टैबलेट में दुरुपयोग की संभावना है?,,,,एटिज़ोला ०.२५ टैबलेट
,,,,,,,
What is peripheral neuropathy?,Treatment,परिधीय न्यूरोपैथी क्या है?,परिधीय न्यूरोपैथी क्या है?,paridhiya neuropathy kya hai?,,परिधीय न्यूरोपैथी,
can an anal fissure be caused by a sigmoidoscopy,Treatment,एक गुदा विदर एक सिग्मोइडोस्कोपी के कारण हो सकता है,क्या सिग्मोइडोस्कोपी के कारण गुदा विदर हो सकता है?,kya sigmoidoscopy ke karana guda vidara ho sakata hai?,,सिग्मोइडोस्कोपी,
what is adenopathy?,Treatment,Adenopathy क्या है?,एडेनोपैथी क्या है?,adenopathy kya hai?,,एडेनोपैथी,
do iron supplements cause gas?,Treatment,क्या लोहे की खुराक गैस का कारण बनती है?,क्या आयरन सप्लीमेंट से गैस बनती है?,kya iron supplement se gaisa banati hai?,,आयरन सप्लीमेंट,
what is the best color for full porcelain dentures?,Treatment,पूर्ण चीनी मिट्टी के बरतन डेन्चर के लिए सबसे अच्छा रंग क्या है?,पोसेलेन के डेन्चर के लिए सबसे अच्छा रंग क्या है?,porcelein ke denchara ke lie sabase achcha ramga kya hai?,,पोसेलेन के डेन्चर,
colonoscopy tomorrow but started my menstrual cycle can i still have the test?,Treatment,कल कोलोनोस्कोपी लेकिन मेरे मासिक धर्म चक्र शुरू कर दिया मैं अभी भी परीक्षण कर सकते हैं?,कल कोलोनोस्कोपी लेकिन मेरे मासिक धर्म चक्र शुरू कर दिया अभी भी परीक्षण कर सकते हैं?,kala colonoscopy lekina mere masika dharma chakra shuru kara diya abhi bhi parikshana kara sakate haim?,,कोलोनोस्कोपी,
can a woman with a tubal ligation still release cervical fluid during ovulation?,Treatment,क्या एक ट्यूबल बंधाव के साथ एक महिला अभी भी ओव्यूलेशन के दौरान गर्भाशय ग्रीवा तरल पदार्थ जारी कर सकती है?,क्या एक ट्यूबल बंधाव के साथ एक महिला अभी भी ओव्यूलेशन के दौरान गर्भाशय ग्रीवा तरल पदार्थ जारी कर सकती है?,kya eka tubal bamdhava ke satha eka mahila abhi bhi ovulation ke daurana garbhashaya griva tarala padartha jari kara sakati hai?,,ट्यूबल बंधाव,